author_name,first_publish_year,isbn,key,language,number_of_pages_median,publisher,title,subject

['Betsy E. Snyder'],2008,"['9780375843952', '0375843957']",/works/OL9482759W,['eng'],12,"['Random House Childrens Books', 'Random House Books for Young Readers']",Haiku Baby,"['American Haiku', ""Children's poetry, American"", 'Poetry', ""Children's poetry""]"
"['Luca Caioli', 'Cyril Collot']",2019,"['1785785842', '9781785785849', '178578675X', '9781785786754']",/works/OL25756311W,['eng'],"['Icon Books, Limited']",Mbappe,"['Soccer, biography', 'France, biography']",5.0,1
['Herbert P. Bix'],2000,"['006157077X', '0061860476', '0061570753', '9780061860478', '9780061570742', '9780061570773', '9571335991', '9780061656910', '9780715630778', '006019314X', '9780061570759', '0061570761', '0060931302', '9780060193140', '9780060931308', '7501167591', '0715630776', '0061570745', '0061570737', '9789571335995', '9780061570735', '0756757800', '9780061570766', '0061656917', '9787501167593', '9780756757809']",/works/OL5101557W,"['eng', 'chi']",800,"['Gardners Books', 'HarperCollinsPublishers', 'HarperCollins Publishers', 'Shi bao wen hua chu ban qi ye gu fen you xian gong si', 'Gerald Duckworth & Co Ltd', 'Xin hua chu ban she', 'HarperCollins', 'Harper Perennial', 'Diane Pub Co']",Hirohito and the Making of Modern Japan,"['Keizers', 'Emperadores', 'Politische Reform', 'Histoire', 'Empereurs', 'Emperors', 'Historia', 'Geschichte', 'Nonfiction', 'E poque Showa (Japon, 1926-1989)', 'Biografía', 'Biographies', 'Biography', 'History', 'Hirohito, emperor of japan, 1901-1989', 'Japan, politics and government', 'Japan, history', 'Emperors, japan', 'New York Times reviewed']",4.0,3
['Josh Hanagarne'],2013,"['159240877X', '9781592408771', '9781592407873', '1592407870']",/works/OL16806268W,['eng'],296,"['Gotham Books', 'Gotham', 'Penguin Publishing Group', 'Avery']",World's Strongest Librarian,"['Librarians', 'Public libraries', 'Tourette syndrome', 'Biography', 'Utah, biography', 'Libraries, united states']",3.25,4
['David Perry'],2009,"['1584506687', '9781584506683']",/works/OL16936222W,['eng'],1040,"['Charles River Media', 'Course Technology']",David Perry on game design,"['Authorship', 'Video games', 'Computer games', 'Design', 'Programming', 'Graphics programming', 'Game programming', 'Computer graphics - general & miscellaneous']"
['Graeme Burk'],2015,"['9781770412545', '1770412549']",/works/OL20012878W,['eng'],275,The Doctors are In,"['Doctor Who (Television program : 1963-1989)', 'Doctor Who (Television program : 2005- )', 'Doctor who (television program)']"
"['Warren Sande', 'Carter Sande']",2014,"['1617290920', '9781617290923']",/works/OL19547743W,['eng'],435,['Manning'],Hello World!,"['Juvenile literature', 'Python (Computer program language)', 'Computer programming', 'Computer programming, juvenile literature', 'Computers and children']"
['Ruth Goodman'],2010,"['1862058857', '9781862058859']",/works/OL21364479W,['eng'],['Pavilion'],Edwardian farm,"['Edwardian farm (Television program)', 'Rural conditions', 'Farm life', 'History', 'Television programs', 'Farm life, great britain', 'Great britain, rural conditions']"
['Jeff Mariotte'],2010,"['9780470636251', '0470636254']",/works/OL19950483W,['eng'],297,"['Wiley', 'John Wiley & Sons']",Criminal minds,"['Criminals', 'Criminal minds (Television program)', 'Biography', 'Television programs', 'Crime, united states', 'Criminals, biography', 'Television crime shows', 'Crime on television']"
['Patricia Harris'],2017,"['9781508154877', '1508155100', '9781508155102', '1508154872']",/works/OL28381448W,['eng'],['Rosen Publishing Group'],What Is HTML Code?,"['Computer programming', 'Computer programming, juvenile literature']"
['Alan Forbes'],2012,"['1522792147', '9781494267353', '1482364344', '1494267357', '9781482364347', '9781522792147']",/works/OL27716659W,['eng'],180,"['CreateSpace Independent Publishing Platform', '[CreateSpace]']",The joy of PHP,"['PHP (Computer program language)', 'Web sites', 'Design', 'SQL (Computer program language)', 'PHP (Langage de programmation)', 'Sites Web', 'Conception', 'SQL (Langage de programmation)']"
['Allen Sherrod'],2006,"['9781584504580', '1584504587']",/works/OL8947809W,['eng'],752,['Charles River Media'],Ultimate Game Programming With DirectX,"['Computer games', 'Programming', 'DirectX', 'Directx (computer program)', 'Computer games, programming']"
